{
    "PPT_8076_MEYER_Chapter_2_-_Language_Change_page_012.png": 0.7086092715231788,
    "PPT_8076_MEYER_Chapter_2_-_Language_Change_page_014.png": 0.6154929577464788,
    "PPT_8076_MEYER_Chapter_2_-_Language_Change_page_021.png": 1.0,
    "PPT_Catalysis.ppt_page_016.png": 0.5268817204301075,
    "PPT_LEP power point presentation-English-FINAL-10-31-07_page_010.png": 0.47688463140358184,
    "PPT_LEP power point presentation-English-FINAL-10-31-07_page_011.png": 0.5667655786350149,
    "PPT_PresentationSpecification_page_010.png": 0.40198511166253104,
    "book_en_[搬书匠#893][Pyomo—Optimization Modeling in Python].2012.英文版_page_188.png": 0.6731301939058172,
    "book_en_国外数学教材-数论-Melvyn B. Nathanson—Elementary Methods in Number Theory_0100.png": 0.6308277830637488,
    "color_textbook_zhonggaokao_小学_13.人教新起点英语（4-5年级）_人教新起点五年级英语上册_课本_人教新起点英语5A电子课本_page_006.png": 0.6521739130434783,
    "color_textbook_zhonggaokao_小学_13.人教新起点英语（4-5年级）_人教新起点五年级英语上册_课本_人教新起点英语5A电子课本_page_056.png": 0.28735632183908044,
    "color_textbook_zhonggaokao_小学_13.人教新起点英语（4-5年级）_人教新起点五年级英语下册_课本_人教新起点英语5B电子课本_page_011.png": 0.5490716180371353,
    "color_textbook_zhonggaokao_小学_13.人教新起点英语（4-5年级）_人教新起点五年级英语下册_课本_人教新起点英语5B电子课本_page_036.png": 0.5481481481481482,
    "color_textbook_zhonggaokao_小学_13.人教新起点英语（4-5年级）_人教新起点五年级英语下册_课本_人教新起点英语5B电子课本_page_076.png": 0.5884057971014492,
    "docstructbench_dianzishu_zhongwenzaixian-o.O-63710191.pdf_336.jpg": 0.5538563829787234,
    "docstructbench_enbook-zlib-o.O-17761417.pdf_894.jpg": 0.42109038737446197,
    "docstructbench_llm-raw-scihub-o.O-bf03175144.pdf_4.jpg": 0.7458625525946704,
    "docstructbench_llm-raw-scihub-o.O-ceat.200407001.pdf_3.jpg": 0.5095168374816984,
    "docstructbench_llm-raw-scihub-o.O-ceat.200600266.pdf_2.jpg": 0.5463414634146342,
    "docstructbench_llm-raw-scihub-o.O-ceat.200600410.pdf_5.jpg": 0.4291868605277329,
    "docstructbench_llm-raw-scihub-o.O-ceat.200600410.pdf_8.jpg": 0.6312520431513566,
    "docstructbench_llm-raw-scihub-o.O-chem.200700285.pdf_4.jpg": 0.5957004160887656,
    "docstructbench_llm-raw-scihub-o.O-hup.777.pdf_7.jpg": 0.6182395720137089,
    "docstructbench_llm-raw-scihub-o.O-hup.777.pdf_8.jpg": 0.636027143738433,
    "docstructbench_llm-raw-scihub-o.O-hup.908.pdf_5.jpg": 0.4765177548682703,
    "docstructbench_llm-raw-scihub-o.O-ijc.22994.pdf_3.jpg": 0.7943588528087224,
    "docstructbench_llm-raw-scihub-o.O-j.1444-2906.2002.00466.x.pdf_4.jpg": 0.5821727019498607,
    "docstructbench_llm-raw-scihub-o.O-j.chroma.2005.02.018.pdf_6.jpg": 0.5306745627833811,
    "docstructbench_llm-raw-scihub-o.O-j.chroma.2005.03.134.pdf_6.jpg": 0.6961812505003603,
    "docstructbench_llm-raw-scihub-o.O-j.chroma.2005.05.085.pdf_4.jpg": 0.6549239391513211,
    "docstructbench_llm-raw-scihub-o.O-j.chroma.2005.08.021.pdf_7.jpg": 0.48821218074656186,
    "docstructbench_llm-raw-scihub-o.O-j.eswa.2008.01.070.pdf_5.jpg": 0.6305368885035045,
    "docstructbench_llm-raw-scihub-o.O-s00128-007-9171-1.pdf_3.jpg": 0.6393653516295026,
    "docstructbench_llm-raw-scihub-o.O-s00128-008-9367-z.pdf_4.jpg": 0.5712607674236492,
    "docstructbench_llm-raw-scihub-o.O-s00128-010-0006-0.pdf_5.jpg": 0.627432590855803,
    "docstructbench_llm-raw-scihub-o.O-s001280000131.pdf_5.jpg": 0.601961221305995,
    "docstructbench_llm-raw-scihub-o.O-s00348-003-0689-7.pdf_3.jpg": 0.43333333333333335,
    "docstructbench_llm-raw-scihub-o.O-s00374-003-0589-2.pdf_6.jpg": 0.5720930232558139,
    "docstructbench_llm-raw-scihub-o.O-s00374-004-0768-9.pdf_2.jpg": 0.6656346749226006,
    "docstructbench_llm-raw-scihub-o.O-s00374-006-0103-8.pdf_11.jpg": 0.6357123905545238,
    "docstructbench_llm-raw-scihub-o.O-s003950050126.pdf_6.jpg": 0.6429381276320052,
    "docstructbench_llm-raw-scihub-o.O-s00396-003-0935-9.pdf_2.jpg": 0.6065683646112601,
    "docstructbench_llm-raw-scihub-o.O-s0167-8655%2800%2900107-0.pdf_6.jpg": 0.6144242674370615,
    "docstructbench_llm-raw-scihub-o.O-s0167-8655%2801%2900019-8.pdf_10.jpg": 0.6509125840537944,
    "docstructbench_llm-raw-scihub-o.O-s0362-546x%2897%2900070-9.pdf_7.jpg": 0.6047366271947734,
    "docstructbench_llm-raw-scihub-o.O-s10555-005-1578-8.pdf_5.jpg": 0.6578894065221794,
    "docstructbench_llm-raw-scihub-o.O-s10653-010-9369-8.pdf_11.jpg": 0.63677908783475,
    "docstructbench_llm-raw-the-eye-o.O-1995_2418.pdf_1.jpg": 0.4928478543563069,
    "docstructbench_llm-raw-the-eye-o.O-Character%20Sheet%20-%20Form%20Fillable.pdf_2.jpg": 0.6649966599866399,
    "docstructbench_llm-raw-the-eye-o.O-Player%27s%20Options%20-%20Halflings.pdf_11.jpg": 0.5530513176144244,
    "docstructbench_llm-raw-the-eye-o.O-TFT-Traveller.pdf_6.jpg": 0.5735143442622951,
    "docstructbench_llm-raw-the-eye-o.O-TraneGuide.pdf_7.jpg": 0.6256830601092896,
    "docstructbench_llm-raw-the-eye-o.O-chap08.pdf_12.jpg": 0.37538148524923703,
    "exam_paper_en-file-putnam-archive_2002_Solutions_2002s_page_001.png": 1.0,
    "jiaocai_jiaocai_en_595.jpg": 0.5594095940959409,
    "jiaocai_jiaocai_en_91.jpg": 0.4383561643835616,
    "jiaocaineedrop_2005_QP.pdf_5.jpg": 0.47706422018348627,
    "jiaocaineedrop_Chapter9.pdf_46.jpg": 0.5141843971631206,
    "jiaocaineedrop_biz-96816.pdf_48.jpg": 0.4171180931744312,
    "jiaocaineedrop_ced6f3c05e1dfefa8455fa60aacdd2d76ffd79489b631c2dbde22a74e927544b.pdf_84.jpg": 0.26242737249838605,
    "jiaocaineedrop_chap02.pdf_16.jpg": 0.4752475247524752,
    "jiaocaineedrop_chap5.pdf_4.jpg": 0.5981055480378891,
    "jiaocaineedrop_chem-323236.pdf_183.jpg": 0.5029673590504451,
    "jiaocaineedrop_chem-354334.pdf_20.jpg": 0.47639484978540775,
    "jiaocaineedrop_jiaocai_needrop_en_1898.jpg": 0.6441736028537456,
    "jiaocaineedrop_jiaocai_needrop_en_854.jpg": 0.5684695051783659,
    "jiaocaineedrop_socialsci-74973.pdf_31.jpg": 0.19657258064516128,
    "magazine_TheEconomist.2024.02.24_page_076.png": 0.6654036562767929,
    "newspaper_2a6b4fa088699701a6fa9ccecfb5c25d_1.jpg": 0.6176046176046176,
    "newspaper_2a6b4fa088699701a6fa9ccecfb5c25d_18.jpg": 0.6479119343001922,
    "newspaper_2a6b4fa088699701a6fa9ccecfb5c25d_2.jpg": 0.38011393060590365,
    "newspaper_Chicago Tribune_0801@magazinesclubnew_page_019.png": 0.8271073574792919,
    "newspaper_Daily Star 2025-1-8@magazinesclubnew_page_060.png": 0.8803853721419364,
    "newspaper_The Globe and Mail - 2025-1-8@magazinesclubnew_page_014.png": 0.6357378206636856,
    "newspaper_The Times UK_0801@magazinesclubnew_page_031.png": 0.5668604651162791,
    "newspaper_TheBostonGlobe-2025-1-8@magazinesclubnew_page_025.png": 0.6525287550744249,
    "newspaper_bf784eedb0c377adb9a0f286954af785_2.jpg": 0.5646802325581395,
    "newspaper_fe5ed29024932fad071afc53807b16ba_2.jpg": 0.5030712530712531,
    "newspaper_fe5ed29024932fad071afc53807b16ba_4.jpg": 0.5674967234600262,
    "scihub_AEM.01420-09.pdf_3.jpg": 0.47517462714744196,
    "scihub_TNANO.2007.893575.pdf_0.jpg": 0.6182065217391305,
    "scihub_bloodadvances.2019030924.pdf_3.jpg": 0.656797995900706,
    "scihub_carcin%2Fbgh032.pdf_2.jpg": 0.4887469586374696,
    "scihub_iccwamtip51612.2020.9317329.pdf_4.jpg": 0.5732104121475055,
    "scihub_ie102256j.pdf_4.jpg": 0.5736074270557029,
    "scihub_ijcac.2012040101.pdf_5.jpg": 0.5754716981132075,
    "scihub_ijop.12033.pdf_5.jpg": 0.6551312649164678,
    "scihub_j.1528-1167.2008.01552.x.pdf_3.jpg": 0.6304392236976507,
    "scihub_j.cbpb.2019.110324.pdf_6.jpg": 0.6210892236384704,
    "scihub_j.ejcts.2011.04.042.pdf_3.jpg": 0.49242424242424243,
    "scihub_j.jallcom.2003.09.015.pdf_1.jpg": 0.6449182658137882,
    "scihub_j.jmb.2003.10.009.pdf_4.jpg": 0.5770804911323328,
    "scihub_jai.12343.pdf_3.jpg": 0.6162332545311269,
    "scihub_jb%2Fmvh022.pdf_1.jpg": 0.5595854922279793,
    "scihub_jgh.13044.pdf_2.jpg": 0.5481270744428639,
    "scihub_jneurosci.16-15-04625.1996.pdf_2.jpg": 0.7008797653958945,
    "scihub_journal.pone.0166577.pdf_5.jpg": 0.6353348188108362,
    "scihub_jps.21547.pdf_7.jpg": 0.6009358288770054,
    "scihub_mol.66.4.921.pdf_1.jpg": 0.46538274012676745,