{
    "text_block": {
        "all": {
            "Edit_dist": {
                "ALL_page_avg": 0.10664031569079582,
                "edit_whole": 0.3490289863927172,
                "edit_sample_avg": 0.38726547509600573
            }
        },
        "group": {
            "Edit_dist": {
                "equation_language: equation_ch": 0.17546897546897547,
                "equation_language: equation_en": 0.3309777079284116,
                "formula_type: print": 0.31959902018747716,
                "text_background: multi_colored": 0.14713714478324713,
                "text_background: single_colored": 0.3336468177796092,
                "text_background: white": 0.3805633453189458,
                "text_language: other": 0.0037735849056603774,
                "text_language: text_en_ch_mixed": 0.09532507922540015,
                "text_language: text_english": 0.1611359139696236,
                "text_language: text_simplified_chinese": 0.544448709897537,
                "text_rotate: horizontal": 0.5923288578519874,
                "text_rotate: normal": 0.3630308076057396,
                "text_rotate: rotate270": 0.9569622634134953
            },
            "sample_count": {
                "equation_language: equation_ch": 3,
                "equation_language: equation_en": 38,
                "formula_type: print": 41,
                "text_background: multi_colored": 927,
                "text_background: single_colored": 716,
                "text_background: white": 11564,
                "text_language: other": 2,
                "text_language: text_en_ch_mixed": 298,
                "text_language: text_english": 5899,
                "text_language: text_simplified_chinese": 6938,
                "text_rotate: horizontal": 48,
                "text_rotate: normal": 12929,
                "text_rotate: rotate270": 31
            }
        },
        "page": {
            "Edit_dist": {
                "ALL": 0.10664031569079585,
                "None": 0.056357448944634764,
                "colorful_backgroud": 0.05288225787847486,
                "data_source: PPT2PDF": 0.0358499320204507,
                "data_source: academic_literature": 0.012226956083527514,
                "data_source: book": 0.044664259063346895,
                "data_source: colorful_textbook": 0.08455406963276724,
                "data_source: exam_paper": 0.06537185202727838,
                "data_source: magazine": 0.0202923975632434,
                "data_source: newspaper": 0.5735755249856149,
                "data_source: note": 0.057293598417403065,
                "data_source: research_report": 0.02706548384444711,
                "fuzzy_scan": 0.05165535329225204,
                "language: en_ch_mixed": 0.056551906636952816,
                "language: english": 0.05482177185562158,
                "language: simplified_chinese": 0.16842192326606392,
                "layout: 1andmore_column": 0.03576745168203674,
                "layout: double_column": 0.03815300585089014,
                "layout: other_layout": 0.31734504113402806,
                "layout: single_column": 0.03768006849439219,
                "layout: three_column": 0.11218159012267123,
                "watermark": 0.08104215530747401
            }
        }
    },
    "display_formula": {
        "all": {
            "Edit_dist": {
                "ALL_page_avg": 0.2383787982850451,
                "edit_whole": 0.22242954751255384,
                "edit_sample_avg": 0.22696815198598222
            }
        },
        "group": {
            "Edit_dist": {
                "equation_language: equation_ch": 0.24130341959633517,
                "equation_language: equation_en": 0.22603542686619005,
                "formula_type: handwriting": 0.8819444444444444,
                "formula_type: print": 0.22449654333519614
            },
            "sample_count": {
                "equation_language: equation_ch": 65,
                "equation_language: equation_en": 999,
                "formula_type: handwriting": 4,
                "formula_type: print": 1060
            }
        },
        "page": {
            "Edit_dist": {
                "ALL": 0.23837879828504505,
                "None": 0.2008983519458309,
                "colorful_backgroud": 0.341695765921428,
                "data_source: PPT2PDF": 0.2310954938014647,
                "data_source: academic_literature": 0.24879057823658637,
                "data_source: book": 0.23154573017309696,
                "data_source: colorful_textbook": 0.3677929882510222,
                "data_source: exam_paper": 0.21815926979627048,
                "data_source: note": 1.0,
                "fuzzy_scan": 0.4706467143384211,
                "language: english": 0.19334984562436724,
                "language: simplified_chinese": 0.3681681324246459,
                "layout: 1andmore_column": 0.1854055237915244,
                "layout: double_column": 0.2352404115296059,
                "layout: other_layout": 0.4399772868992056,
                "layout: single_column": 0.22158906056432742,
                "layout: three_column": 0.629205265724037,
                "watermark": 0.5458681196858517
            }
        }
    },
    "table": {
        "all": {
            "TEDS": {
                "all": 0.712195192587636
            },
            "TEDS_structure_only": {
                "all": 0.7547575225781118
            },
            "Edit_dist": {
                "ALL_page_avg": 0.16581685276084107,
                "edit_whole": 0.2506120080291046,
                "edit_sample_avg": 0.24978893491655366
            }
        },
        "group": {
            "Edit_dist": {
                "include_background: False": 0.2947079784465573,
                "include_background: True": 0.14822039699839304,
                "include_equation: False": 0.26417915037568984,
                "include_equation: True": 0.18045426043162557,
                "include_photo: False": 0.24978893491655368,
                "language: table_en": 0.3391672486562647,
                "language: table_en_ch_mixed": 0.16942564674387944,
                "language: table_simplified_chinese": 0.19612615375941064,
                "line: fewer_line": 0.23907817466798909,
                "line: full_line": 0.19060246130475056,
                "line: less_line": 0.11631437246260146,
                "line: wireless_line": 0.777865348140353,
                "table_layout: horizontal": 0.25050698047117453,
                "table_layout: vertical": 0.1979870770474817,
                "with_span: False": 0.27832477415945145,
                "with_span: True": 0.1864357823835796,
                "with_structured_text: False": 0.16959957877113405,
                "with_structured_text: True": 0.288864565646166
            },
            "TEDS": {
                "include_background: False": 0.6676684785037231,
                "include_background: True": 0.8128766161531683,
                "include_equation: False": 0.6979124150131464,
                "include_equation: True": 0.7810122118101738,
                "include_photo: False": 0.712195192587636,
                "language: table_en": 0.6217053705326833,
                "language: table_en_ch_mixed": 0.8589427806892858,
                "language: table_simplified_chinese": 0.7618708053762313,
                "line: fewer_line": 0.7127472805683733,
                "line: full_line": 0.7745833991584637,
                "line: less_line": 0.8447524129481913,
                "line: wireless_line": 0.2066787767093147,
                "table_layout: horizontal": 0.7113768809704448,
                "table_layout: vertical": 0.771230530685003,
                "with_span: False": 0.694988593107183,
                "with_span: True": 0.7503960077863754,
                "with_structured_text: False": 0.7844012992287741,
                "with_structured_text: True": 0.7382889392333645
            },