{
    "PPT_CalculusReview_page_014.png": 0.0,
    "PPT_CalculusReview_page_033.png": 0.06896551724137931,
    "PPT_MMAT5390Lecture1_page_023.png": 0.24561403508771928,
    "PPT_MMAT5390Lecture1_page_024.png": 0.20512820512820512,
    "PPT_StewartCalcET7e_03_02_page_007.png": 0.04225352112676056,
    "PPT_StewartCalcET7e_03_02_page_010.png": 0.16666666666666666,
    "PPT_StewartCalcET7e_03_02_page_012.png": 0.34615384615384615,
    "PPT_StewartCalcET7e_03_02_page_014.png": 0.0,
    "PPT_StewartCalcET7e_03_02_page_015.png": 0.1325,
    "PPT_StewartCalcET7e_04_09_page_018.png": 0.1414141414141414,
    "PPT_ch7_page_020.png": 0.23529411764705882,
    "PPT_ch7_page_021.png": 0.5138888888888888,
    "PPT_ch7_page_030.png": 0.6774193548387096,
    "PPT_ch7_page_034.png": 0.13297872340425532,
    "PPT_ch7_page_035.png": 0.06140350877192982,
    "PPT_ch7_page_057.png": 0.19444444444444445,
    "PPT_ch7_page_090.png": 0.13164556962025317,
    "PPT_ch7_page_132.png": 0.546448087431694,
    "PPT_ch7_page_136.png": 0.3333333333333333,
    "PPT_ch7_page_142.png": 0.0,
    "PPT_fundamental_theorem_of_calculus___page_006.png": 0.20689655172413793,
    "PPT_fundamental_theorem_of_calculus___page_013.png": 0.8651685393258427,
    "PPT_lay_linalg5_01_05_page_003.png": 0.34177215189873417,
    "PPT_lay_linalg5_01_05_page_004.png": 0.07058823529411765,
    "PPT_lay_linalg5_01_05_page_005.png": 0.1134020618556701,
    "PPT_lay_linalg5_01_05_page_008.png": 0.1836734693877551,
    "PPT_lay_linalg5_01_05_page_009.png": 0.0782608695652174,
    "PPT_lecture1_page_009.png": 0.2857142857142857,
    "PPT_lecture1_page_022.png": 0.12440191387559808,
    "PPT_linear-algebra primer_page_007.png": 0.18604651162790697,
    "PPT_linear-algebra primer_page_008.png": 0.48,
    "PPT_linear-algebra primer_page_016.png": 0.5054945054945055,
    "book_en_40.Puzzles.and.Problems.in.Probability.and.Mathematical.Statistics,.Schwarz,.Springer,.2008_page_115.png": 0.040293040293040296,
    "book_en_5.Advanced.Modern.Algebra.-.J.Rotman.2003_page_572.png": 0.046511627906976744,
    "book_en_5.Advanced.Modern.Algebra.-.J.Rotman.2003_page_887.png": 0.059907834101382486,
    "book_en_6.Complex.Analysis.-.Elias.M..Stein_page_051.png": 0.08695652173913043,
    "book_en_6.Complex.Analysis.-.Elias.M..Stein_page_205.png": 0.023547880690737835,
    "book_en_A.Concise.Introduction.to.Linear.Algebra,.Geza.Schay,.Birkhauser,.2012_page_065.png": 0.5057471264367817,
    "book_en_A.Concise.Introduction.to.Linear.Algebra,.Geza.Schay,.Birkhauser,.2012_page_194.png": 0.3926940639269406,
    "book_en_A.Course.in.Abstract.Harmonic.Analysis.-.Gerald.B.Folland.0849384907_page_119.png": 0.12012012012012012,
    "book_en_国外数学教材-An Excursion through Elementary Mathematics（初等数学漫游）-An excursion through elementary mathematics, Vol.3 (Caminha Muniz Neto A)_0035.png": 0.08641975308641975,
    "book_en_国外数学教材-An Excursion through Elementary Mathematics（初等数学漫游）-An excursion through elementary mathematics, Vol.3 (Caminha Muniz Neto A)_0085.png": 0.039783001808318265,
    "book_en_国外数学教材-An Excursion through Elementary Mathematics（初等数学漫游）-An excursion through elementary mathematics, Vol.3 (Caminha Muniz Neto A)_0092.png": 0.25609756097560976,
    "book_en_国外数学教材-An Excursion through Elementary Mathematics（初等数学漫游）-An excursion through elementary mathematics, Vol.3 (Caminha Muniz Neto A)_0100.png": 0.13221601489757914,
    "book_en_国外数学教材-An Excursion through Elementary Mathematics（初等数学漫游）-An excursion through elementary mathematics, Vol.3 (Caminha Muniz Neto A)_0119.png": 0.0,
    "book_en_国外数学教材-An Excursion through Elementary Mathematics（初等数学漫游）-An excursion through elementary mathematics, Vol.3 (Caminha Muniz Neto A)_0242.png": 0.10871794871794872,
    "book_en_国外数学教材-数论-Melvyn B. Nathanson—Elementary Methods in Number Theory_0007.png": 0.2857142857142857,
    "book_en_国外数学教材-数论-Melvyn B. Nathanson—Elementary Methods in Number Theory_0017.png": 0.037037037037037035,
    "book_en_国外数学教材-数论-Melvyn B. Nathanson—Elementary Methods in Number Theory_0035.png": 0.07542579075425791,
    "book_en_国外数学教材-数论-Melvyn B. Nathanson—Elementary Methods in Number Theory_0085.png": 0.06976744186046512,
    "book_en_国外数学教材-数论-Melvyn B. Nathanson—Elementary Methods in Number Theory_0092.png": 0.039735099337748346,
    "book_en_国外数学教材-数论-Melvyn B. Nathanson—Elementary Methods in Number Theory_0100.png": 0.052884615384615384,
    "book_en_国外数学教材-数论-Melvyn B. Nathanson—Elementary Methods in Number Theory_0119.png": 0.03546099290780142,
    "book_en_国外数学教材-数论-Melvyn B. Nathanson—Elementary Methods in Number Theory_0242.png": 0.018518518518518517,
    "book_en_国外数学教材-数论-Melvyn B. Nathanson—Elementary Methods in Number Theory_0363.png": 0.22762148337595908,
    "book_en_国外数学教材-数论-Melvyn B. Nathanson—Elementary Methods in Number Theory_0451.png": 0.1836441893830703,
    "book_en_国外数学教材-非数学专业教材-线性代数-Gilbert Strang—Linear Algebra and Its Applications 4e_0007.png": 0.8679245283018868,
    "book_en_国外数学教材-非数学专业教材-线性代数-Gilbert Strang—Linear Algebra and Its Applications 4e_0017.png": 0.3898305084745763,
    "book_en_国外数学教材-非数学专业教材-线性代数-Gilbert Strang—Linear Algebra and Its Applications 4e_0035.png": 0.2887700534759358,
    "book_en_国外数学教材-非数学专业教材-线性代数-Gilbert Strang—Linear Algebra and Its Applications 4e_0085.png": 0.22330097087378642,
    "book_en_国外数学教材-非数学专业教材-线性代数-Gilbert Strang—Linear Algebra and Its Applications 4e_0092.png": 0.6071428571428571,
    "book_en_国外数学教材-非数学专业教材-线性代数-Gilbert Strang—Linear Algebra and Its Applications 4e_0100.png": 0.2871287128712871,
    "book_en_国外数学教材-非数学专业教材-线性代数-Gilbert Strang—Linear Algebra and Its Applications 4e_0119.png": 0.6479591836734694,
    "book_en_国外数学教材-非数学专业教材-线性代数-Gilbert Strang—Linear Algebra and Its Applications 4e_0242.png": 0.3440366972477064,
    "book_en_国外数学教材-非数学专业教材-线性代数-Gilbert Strang—Linear Algebra and Its Applications 4e_0363.png": 0.08026030368763558,
    "book_en_国外数学教材-非数学专业教材-线性代数-Gilbert Strang—Linear Algebra and Its Applications 4e_0451.png": 0.43902439024390244,
    "book_zh_CNASGL0072018_extracted_page_48.png": 0.19308943089430894,
    "book_zh_CNASGL0092018_extracted_page_69.png": 0.10477453580901856,
    "book_zh_CNASGL0092018_extracted_page_70.png": 0.2106782106782107,
    "book_zh_CNASGL0092018_extracted_page_73.png": 0.07751937984496124,
    "book_zh_CNASGL0262018_extracted_page_82.png": 0.08853410740203194,
    "book_zh_CNASGL082006_extracted_page_50.png": 0.20631067961165048,
    "book_zh_DLT10562007_extracted_page_17.png": 0.10888252148997135,
    "book_zh_DLT10902008_extracted_page_8.png": 0.10368663594470046,
    "book_zh_GB115041989_extracted_page_9.png": 0.22660098522167488,
    "book_zh_GB12082006_extracted_page_8.png": 0.2692307692307692,
    "book_zh_GB14536.11998_extracted_page_145.png": 0.32608695652173914,
    "book_zh_GB14930.21994_extracted_page_4.png": 0.125,
    "book_zh_GB149361994_extracted_page_7.png": 0.19130434782608696,
    "book_zh_GBT 50744-2011_extracted_page_67.png": 0.35772357723577236,
    "book_zh_HGT51022016_extracted_page_12.png": 0.08333333333333333,
    "book_zh_JGJ1022003_extracted_page_27.png": 0.18106995884773663,
    "book_zh_JJD10031991_extracted_page_6.png": 0.35467980295566504,
    "book_zh_SYT57941993_extracted_page_3.png": 0.14166666666666666,
    "book_zh_TB100782001_extracted_page_21.png": 0.2037533512064343,
    "book_zh_YDT10512018_extracted_page_30.png": 0.14953271028037382,
    "docstructbench_dianzishu_zhongwenzaixian-o.O-61520788.pdf_391.jpg": 1.0,
    "docstructbench_enbook-zlib-o.O-19091739.pdf_181.jpg": 0.18018018018018017,
    "docstructbench_llm-raw-scihub-o.O-ceat.200407001.pdf_3.jpg": 0.3181818181818182,