{
    "text_block": {
        "all": {
            "Edit_dist": {
                "ALL_page_avg": 0.09094151613673741,
                "edit_whole": 0.2148033893947933,
                "edit_sample_avg": 0.15381710085674388
            }
        },
        "group": {
            "Edit_dist": {
                "equation_language: equation_ch": 0.0,
                "equation_language: equation_en": 0.4260869565217391,
                "formula_type: handwriting": 0.0,
                "formula_type: print": 0.4260869565217391,
                "text_background: multi_colored": 0.09883047029856075,
                "text_background: single_colored": 0.1045627195086012,
                "text_background: white": 0.15011359916183656,
                "text_language: text_en_ch_mixed": 0.18308756751631047,
                "text_language: text_english": 0.27448314418245434,
                "text_language: text_simplified_chinese": 0.14142264050591322,
                "text_rotate: horizontal": 0.3045504776315798,
                "text_rotate: normal": 0.13791115624683245,
                "text_rotate: rotate270": 1.0
            },
            "sample_count": {
                "equation_language: equation_ch": 3,
                "equation_language: equation_en": 2,
                "formula_type: handwriting": 3,
                "formula_type: print": 2,
                "text_background: multi_colored": 692,
                "text_background: single_colored": 334,
                "text_background: white": 5837,
                "text_language: text_en_ch_mixed": 48,
                "text_language: text_english": 48,
                "text_language: text_simplified_chinese": 6693,
                "text_rotate: horizontal": 39,
                "text_rotate: normal": 6720,
                "text_rotate: rotate270": 30
            }
        },
        "page": {
            "Edit_dist": {
                "ALL": 0.09094151613673741,
                "None": 0.07353106476482738,
                "colorful_backgroud": 0.06648547422851658,
                "data_source: PPT2PDF": 0.0373737042574905,
                "data_source: book": 0.036008710944172906,
                "data_source: colorful_textbook": 0.11206995330599327,
                "data_source: exam_paper": 0.17793112239903758,
                "data_source: magazine": 0.0240894929224079,
                "data_source: newspaper": 0.19850507799814268,
                "data_source: note": 0.1024084698418346,
                "data_source: research_report": 0.039449956298638025,
                "fuzzy_scan": 0.05086796206741668,
                "language: simplified_chinese": 0.09094151613673741,
                "layout: 1andmore_column": 0.07671063258710453,
                "layout: double_column": 0.08537882229034091,
                "layout: other_layout": 0.17405328384028929,
                "layout: single_column": 0.053019879461664005,
                "layout: three_column": 0.3047420624042149,
                "watermark": 0.12697047116780075
            }
        }
    },
    "display_formula": {
        "all": {
            "Edit_dist": {
                "ALL_page_avg": 0.2678652182467836,
                "edit_whole": 0.26436612464130677,
                "edit_sample_avg": 0.22757850790664544
            }
        },
        "group": {
            "Edit_dist": {
                "equation_language: equation_ch": 0.2343317408839995,
                "equation_language: equation_en": 0.22771517511702646,
                "formula_type: handwriting": 0.09027777777777778,
                "formula_type: print": 0.2282292222674456,
                "text_background: white": 0.4318181818181818,
                "text_language: text_simplified_chinese": 0.4318181818181818,
                "text_rotate: normal": 0.4318181818181818
            },
            "sample_count": {
                "equation_language: equation_ch": 58,
                "equation_language: equation_en": 155,
                "formula_type: handwriting": 1,
                "formula_type: print": 211,
                "text_background: white": 1,
                "text_language: text_simplified_chinese": 1,
                "text_rotate: normal": 1
            }
        },
        "page": {
            "Edit_dist": {
                "ALL": 0.26786521824678367,
                "None": 0.2557268442815705,
                "colorful_backgroud": 0.30418079016929306,
                "data_source: PPT2PDF": 0.16341305020550304,
                "data_source: book": 0.23729567373716434,
                "data_source: colorful_textbook": 0.2682041180711489,
                "data_source: exam_paper": 0.32929249230404484,
                "fuzzy_scan": 0.5108333873812246,
                "language: simplified_chinese": 0.26786521824678367,
                "layout: 1andmore_column": 0.36112144565506243,
                "layout: double_column": 0.3172337329441597,
                "layout: other_layout": 0.3028226529026082,
                "layout: single_column": 0.21048053294417066,
                "watermark": 0.349680746665555
            }
        }
    },
    "table": {
        "all": {
            "TEDS": {
                "all": 0.7723409159903687
            },
            "TEDS_structure_only": {
                "all": 0.801363570355103
            },
            "Edit_dist": {
                "ALL_page_avg": 0.5861119191080967,
                "edit_whole": 0.6965094385844574,
                "edit_sample_avg": 0.6084294353261103
            }
        },
        "group": {
            "Edit_dist": {
                "include_background: False": 0.6107526084628351,
                "include_background: True": 0.6049446756210233,
                "include_equation: False": 0.6082857517477018,
                "include_equation: True": 0.6095112881517706,
                "include_photo: False": 0.6084294353261104,
                "language: table_en_ch_mixed": 0.6385137375988457,
                "language: table_simplified_chinese": 0.6071308323503087,
                "line: fewer_line": 0.6963861217332736,
                "line: full_line": 0.5705196127287852,
                "line: less_line": 0.5969096108487235,
                "line: wireless_line": 0.6170983100662821,
                "table_layout: horizontal": 0.6077736546200322,
                "table_layout: vertical": 0.7028618570013889,
                "with_span: False": 0.6173423785741925,
                "with_span: True": 0.5872871048306588,
                "with_structured_text: False": 0.6145399523251251,
                "with_structured_text: True": 0.4848244278153773
            },
            "TEDS": {
                "include_background: False": 0.7751337882800823,
                "include_background: True": 0.7681516075557996,
                "include_equation: False": 0.7754063126966613,
                "include_equation: True": 0.7492602819665207,
                "include_photo: False": 0.7723409159903687,
                "language: table_en_ch_mixed": 0.8126517640366141,
                "language: table_simplified_chinese": 0.770600879384056,
                "line: fewer_line": 0.6231459315806875,
                "line: full_line": 0.8282640675514376,
                "line: less_line": 0.8363788660882968,
                "line: wireless_line": 0.6870388051944425,
                "table_layout: horizontal": 0.7732845101698387,
                "table_layout: vertical": 0.6364633541466864,
                "with_span: False": 0.7917346052106817,
                "with_span: True": 0.7263372810956735,
                "with_structured_text: False": 0.7715941023058934,
                "with_structured_text: True": 0.7335519286338492
            },
            "TEDS_structure_only": {
                "include_background: False": 0.8001444180901326,
                "include_background: True": 0.8031922987525575,
                "include_equation: False": 0.798113228607141,