{
    "text_block": {
        "all": {
            "Edit_dist": {
                "ALL_page_avg": 0.06917527204871195,
                "edit_whole": 0.10546164743808453,
                "edit_sample_avg": 0.11061944307383795
            }
        },
        "group": {
            "Edit_dist": {
                "equation_language: equation_ch": 0.0,
                "equation_language: equation_en": 0.24846725714537884,
                "formula_type: handwriting": 0.0,
                "formula_type: print": 0.24846725714537884,
                "text_background: multi_colored": 0.09569713513204887,
                "text_background: single_colored": 0.1118351654194907,
                "text_background: white": 0.10340534719153335,
                "text_language: other": 0.0037735849056603774,
                "text_language: text_en_ch_mixed": 0.12232255168614285,
                "text_language: text_english": 0.06247483150699064,
                "text_language: text_simplified_chinese": 0.1415328752410962,
                "text_rotate: horizontal": 0.29718547190969574,
                "text_rotate: normal": 0.10066854980564979,
                "text_rotate: rotate270": 0.967741935483871
            },
            "sample_count": {
                "equation_language: equation_ch": 3,
                "equation_language: equation_en": 59,
                "formula_type: handwriting": 3,
                "formula_type: print": 59,
                "text_background: multi_colored": 1046,
                "text_background: single_colored": 771,
                "text_background: white": 12466,
                "text_language: other": 2,
                "text_language: text_en_ch_mixed": 365,
                "text_language: text_english": 6795,
                "text_language: text_simplified_chinese": 7045,
                "text_rotate: horizontal": 40,
                "text_rotate: normal": 14102,
                "text_rotate: rotate270": 31
            }
        },
        "page": {
            "Edit_dist": {
                "ALL": 0.06917527204871196,
                "None": 0.045592845260799375,
                "colorful_backgroud": 0.05708798866597909,
                "data_source: PPT2PDF": 0.03372867951873677,
                "data_source: academic_literature": 0.03421137013809302,
                "data_source: book": 0.04068157695146869,
                "data_source: colorful_textbook": 0.10948427209193816,
                "data_source: exam_paper": 0.10931495516516766,
                "data_source: magazine": 0.02303617996272824,
                "data_source: newspaper": 0.130731173851192,
                "data_source: note": 0.10086439014056434,
                "data_source: research_report": 0.039449956298638025,
                "fuzzy_scan": 0.08262310641353283,
                "language: en_ch_mixed": 0.1158965451998199,
                "language: english": 0.04086739773542767,
                "language: simplified_chinese": 0.09094151613673741,
                "layout: 1andmore_column": 0.06031680698172632,
                "layout: double_column": 0.05104967136619842,
                "layout: other_layout": 0.11635678602863629,
                "layout: single_column": 0.05296739154671614,
                "layout: three_column": 0.07111529349226432,
                "watermark": 0.13977577119892146
            }
        }
    },
    "display_formula": {
        "all": {
            "Edit_dist": {
                "ALL_page_avg": 0.23105874230049556,
                "edit_whole": 0.1985525919021903,
                "edit_sample_avg": 0.19803980736038
            }
        },
        "group": {
            "Edit_dist": {
                "equation_language: equation_ch": 0.22414002828407842,
                "equation_language: equation_en": 0.19676531068436517,
                "formula_type: handwriting": 0.09027777777777778,
                "formula_type: print": 0.19814273193495754,
                "text_background: white": 0.4318181818181818,
                "text_language: text_simplified_chinese": 0.4318181818181818,
                "text_rotate: normal": 0.4318181818181818
            },
            "sample_count": {
                "equation_language: equation_ch": 65,
                "equation_language: equation_en": 984,
                "formula_type: handwriting": 1,
                "formula_type: print": 1047,
                "text_background: white": 1,
                "text_language: text_simplified_chinese": 1,
                "text_rotate: normal": 1
            }
        },
        "page": {
            "Edit_dist": {
                "ALL": 0.23105874230049553,
                "None": 0.2168861248509825,
                "colorful_backgroud": 0.292480982788685,
                "data_source: PPT2PDF": 0.3028759941244717,
                "data_source: academic_literature": 0.2819584737202078,
                "data_source: book": 0.24147643837882338,
                "data_source: colorful_textbook": 0.2649667876857092,
                "data_source: exam_paper": 0.17947146597751856,
                "fuzzy_scan": 0.5108333873812246,
                "language: english": 0.21862412204837117,
                "language: simplified_chinese": 0.26786521824678367,
                "layout: 1andmore_column": 0.16832348656500826,
                "layout: double_column": 0.2105181706233957,
                "layout: other_layout": 0.34555041718187235,
                "layout: single_column": 0.24500492450718245,
                "layout: three_column": 0.38222195745131526,
                "watermark": 0.31251953125704285
            }
        }
    },
    "table": {
        "all": {
            "TEDS": {
                "all": 0.7331130026000283
            },
            "TEDS_structure_only": {
                "all": 0.784739040465814
            },
            "Edit_dist": {
                "ALL_page_avg": 0.5802681335319074,
                "edit_whole": 0.670609281247472,
                "edit_sample_avg": 0.6073869277166054
            }
        },
        "group": {
            "Edit_dist": {
                "include_background: False": 0.6205284240635662,
                "include_background: True": 0.5779231906839286,
                "include_equation: False": 0.6073370737424189,
                "include_equation: True": 0.6076254336612957,
                "include_photo: False": 0.6073869277166059,
                "language: table_en": 0.6080686397154712,
                "language: table_en_ch_mixed": 0.5705195209652419,
                "language: table_simplified_chinese": 0.6095807632988003,
                "line: fewer_line": 0.6642951416711241,
                "line: full_line": 0.5627639119853501,
                "line: less_line": 0.5857692246013361,
                "line: wireless_line": 0.6505027501953071,
                "table_layout: horizontal": 0.6071331419564822,
                "table_layout: vertical": 0.6255869922283476,
                "with_span: False": 0.6139412237716498,
                "with_span: True": 0.5929592319979545,
                "with_structured_text: False": 0.6011988696766066,
                "with_structured_text: True": 0.4586194051992782
            },
            "TEDS": {
                "include_background: False": 0.7082577444458109,
                "include_background: True": 0.7888394412642612,
                "include_equation: False": 0.7314092996391618,
                "include_equation: True": 0.7412636724469043,
                "include_photo: False": 0.7331130026000283,
                "language: table_en": 0.666248309771945,
                "language: table_en_ch_mixed": 0.838842666819078,
                "language: table_simplified_chinese": 0.7703909370031257,
                "line: fewer_line": 0.670495001000173,
                "line: full_line": 0.8329785558365626,
                "line: less_line": 0.8051266942106161,
                "line: wireless_line": 0.3648563175162667,