{
    "PPT_CalculusReview_page_014.png": 0.0,
    "PPT_CalculusReview_page_033.png": 0.27586206896551724,
    "PPT_MMAT5390Lecture1_page_023.png": 0.2631578947368421,
    "PPT_MMAT5390Lecture1_page_024.png": 0.20512820512820512,
    "PPT_StewartCalcET7e_03_02_page_007.png": 0.028169014084507043,
    "PPT_StewartCalcET7e_03_02_page_010.png": 0.16666666666666666,
    "PPT_StewartCalcET7e_03_02_page_012.png": 0.34615384615384615,
    "PPT_StewartCalcET7e_03_02_page_014.png": 0.32978723404255317,
    "PPT_StewartCalcET7e_03_02_page_015.png": 0.1325,
    "PPT_StewartCalcET7e_04_09_page_018.png": 0.1414141414141414,
    "PPT_ch7_page_020.png": 0.4,
    "PPT_ch7_page_021.png": 0.2638888888888889,
    "PPT_ch7_page_030.png": 0.6774193548387096,
    "PPT_ch7_page_034.png": 0.14124293785310735,
    "PPT_ch7_page_035.png": 0.11570247933884298,
    "PPT_ch7_page_057.png": 0.17592592592592593,
    "PPT_ch7_page_090.png": 0.13924050632911392,
    "PPT_ch7_page_132.png": 0.44594594594594594,
    "PPT_ch7_page_136.png": 0.6,
    "PPT_ch7_page_142.png": 0.8,
    "PPT_fundamental_theorem_of_calculus___page_006.png": 0.09523809523809523,
    "PPT_fundamental_theorem_of_calculus___page_013.png": 0.8651685393258427,
    "PPT_lay_linalg5_01_05_page_003.png": 0.3924050632911392,
    "PPT_lay_linalg5_01_05_page_004.png": 0.3058823529411765,
    "PPT_lay_linalg5_01_05_page_005.png": 0.09278350515463918,
    "PPT_lay_linalg5_01_05_page_008.png": 0.1836734693877551,
    "PPT_lay_linalg5_01_05_page_009.png": 0.10434782608695652,
    "PPT_lecture1_page_009.png": 0.44493392070484583,
    "PPT_lecture1_page_022.png": 0.16055045871559634,
    "PPT_linear-algebra primer_page_007.png": 0.5116279069767442,
    "PPT_linear-algebra primer_page_008.png": 0.91,
    "PPT_linear-algebra primer_page_016.png": 0.3956043956043956,
    "book_en_40.Puzzles.and.Problems.in.Probability.and.Mathematical.Statistics,.Schwarz,.Springer,.2008_page_115.png": 0.11808118081180811,
    "book_en_5.Advanced.Modern.Algebra.-.J.Rotman.2003_page_572.png": 0.046511627906976744,
    "book_en_5.Advanced.Modern.Algebra.-.J.Rotman.2003_page_887.png": 0.06451612903225806,
    "book_en_6.Complex.Analysis.-.Elias.M..Stein_page_051.png": 0.125,
    "book_en_6.Complex.Analysis.-.Elias.M..Stein_page_205.png": 0.026687598116169546,
    "book_en_A.Concise.Introduction.to.Linear.Algebra,.Geza.Schay,.Birkhauser,.2012_page_065.png": 0.4104134762633997,
    "book_en_A.Concise.Introduction.to.Linear.Algebra,.Geza.Schay,.Birkhauser,.2012_page_194.png": 0.4681818181818182,
    "book_en_A.Course.in.Abstract.Harmonic.Analysis.-.Gerald.B.Folland.0849384907_page_119.png": 0.14540059347181009,
    "book_en_国外数学教材-An Excursion through Elementary Mathematics（初等数学漫游）-An excursion through elementary mathematics, Vol.3 (Caminha Muniz Neto A)_0035.png": 0.07407407407407407,
    "book_en_国外数学教材-An Excursion through Elementary Mathematics（初等数学漫游）-An excursion through elementary mathematics, Vol.3 (Caminha Muniz Neto A)_0085.png": 0.05693950177935943,
    "book_en_国外数学教材-An Excursion through Elementary Mathematics（初等数学漫游）-An excursion through elementary mathematics, Vol.3 (Caminha Muniz Neto A)_0092.png": 0.2585949177877429,
    "book_en_国外数学教材-An Excursion through Elementary Mathematics（初等数学漫游）-An excursion through elementary mathematics, Vol.3 (Caminha Muniz Neto A)_0100.png": 0.1340782122905028,
    "book_en_国外数学教材-An Excursion through Elementary Mathematics（初等数学漫游）-An excursion through elementary mathematics, Vol.3 (Caminha Muniz Neto A)_0119.png": 0.0,
    "book_en_国外数学教材-An Excursion through Elementary Mathematics（初等数学漫游）-An excursion through elementary mathematics, Vol.3 (Caminha Muniz Neto A)_0242.png": 0.06666666666666667,
    "book_en_国外数学教材-数论-Melvyn B. Nathanson—Elementary Methods in Number Theory_0007.png": 0.2857142857142857,
    "book_en_国外数学教材-数论-Melvyn B. Nathanson—Elementary Methods in Number Theory_0017.png": 0.37142857142857144,
    "book_en_国外数学教材-数论-Melvyn B. Nathanson—Elementary Methods in Number Theory_0035.png": 0.07579462102689487,
    "book_en_国外数学教材-数论-Melvyn B. Nathanson—Elementary Methods in Number Theory_0085.png": 0.05813953488372093,
    "book_en_国外数学教材-数论-Melvyn B. Nathanson—Elementary Methods in Number Theory_0092.png": 0.039735099337748346,
    "book_en_国外数学教材-数论-Melvyn B. Nathanson—Elementary Methods in Number Theory_0100.png": 0.057692307692307696,
    "book_en_国外数学教材-数论-Melvyn B. Nathanson—Elementary Methods in Number Theory_0119.png": 0.03546099290780142,
    "book_en_国外数学教材-数论-Melvyn B. Nathanson—Elementary Methods in Number Theory_0242.png": 0.6080843585237259,
    "book_en_国外数学教材-数论-Melvyn B. Nathanson—Elementary Methods in Number Theory_0363.png": 0.22250639386189258,
    "book_en_国外数学教材-数论-Melvyn B. Nathanson—Elementary Methods in Number Theory_0451.png": 0.14308681672025725,
    "book_en_国外数学教材-非数学专业教材-线性代数-Gilbert Strang—Linear Algebra and Its Applications 4e_0007.png": 0.8679245283018868,
    "book_en_国外数学教材-非数学专业教材-线性代数-Gilbert Strang—Linear Algebra and Its Applications 4e_0017.png": 0.6779661016949152,
    "book_en_国外数学教材-非数学专业教材-线性代数-Gilbert Strang—Linear Algebra and Its Applications 4e_0035.png": 0.3036649214659686,
    "book_en_国外数学教材-非数学专业教材-线性代数-Gilbert Strang—Linear Algebra and Its Applications 4e_0085.png": 0.22330097087378642,
    "book_en_国外数学教材-非数学专业教材-线性代数-Gilbert Strang—Linear Algebra and Its Applications 4e_0092.png": 0.6071428571428571,
    "book_en_国外数学教材-非数学专业教材-线性代数-Gilbert Strang—Linear Algebra and Its Applications 4e_0100.png": 0.3525641025641026,
    "book_en_国外数学教材-非数学专业教材-线性代数-Gilbert Strang—Linear Algebra and Its Applications 4e_0119.png": 0.6329787234042553,
    "book_en_国外数学教材-非数学专业教材-线性代数-Gilbert Strang—Linear Algebra and Its Applications 4e_0242.png": 0.37155963302752293,
    "book_en_国外数学教材-非数学专业教材-线性代数-Gilbert Strang—Linear Algebra and Its Applications 4e_0363.png": 0.08401084010840108,
    "book_en_国外数学教材-非数学专业教材-线性代数-Gilbert Strang—Linear Algebra and Its Applications 4e_0451.png": 0.45365853658536587,
    "book_zh_CNASGL0072018_extracted_page_48.png": 0.22764227642276422,
    "book_zh_CNASGL0092018_extracted_page_69.png": 0.17447916666666666,
    "book_zh_CNASGL0092018_extracted_page_70.png": 0.21251819505094613,
    "book_zh_CNASGL0092018_extracted_page_73.png": 0.12734082397003746,
    "book_zh_CNASGL0262018_extracted_page_82.png": 0.08905109489051095,
    "book_zh_CNASGL082006_extracted_page_50.png": 0.20772946859903382,
    "book_zh_DLT10562007_extracted_page_17.png": 0.20865139949109415,
    "book_zh_DLT10902008_extracted_page_8.png": 0.13822894168466524,
    "book_zh_GB115041989_extracted_page_9.png": 0.41150442477876104,
    "book_zh_GB12082006_extracted_page_8.png": 0.3076923076923077,
    "book_zh_GB14536.11998_extracted_page_145.png": 0.17073170731707318,
    "book_zh_GB14930.21994_extracted_page_4.png": 0.11627906976744186,
    "book_zh_GB149361994_extracted_page_7.png": 0.22608695652173913,
    "book_zh_GBT 50744-2011_extracted_page_67.png": 0.24603174603174602,
    "book_zh_HGT51022016_extracted_page_12.png": 0.18518518518518517,
    "book_zh_JGJ1022003_extracted_page_27.png": 0.3299319727891156,
    "book_zh_JJD10031991_extracted_page_6.png": 0.2548076923076923,
    "book_zh_SYT57941993_extracted_page_3.png": 0.19696969696969696,
    "book_zh_TB100782001_extracted_page_21.png": 0.314070351758794,
    "book_zh_YDT10512018_extracted_page_30.png": 0.2890625,
    "docstructbench_dianzishu_zhongwenzaixian-o.O-61520788.pdf_391.jpg": 0.2,
    "docstructbench_dianzishu_zhongwenzaixian-o.O-61569751.pdf_155.jpg": 0.15384615384615385,
    "docstructbench_enbook-zlib-o.O-19091739.pdf_181.jpg": 0.18413173652694612,
    "docstructbench_llm-raw-scihub-o.O-ceat.200407001.pdf_3.jpg": 0.3181818181818182,