{
    "book_zh_CNASGL0072018_extracted_page_48.png": 0.22764227642276422,
    "book_zh_CNASGL0092018_extracted_page_70.png": 0.21251819505094613,
    "book_zh_CNASGL0092018_extracted_page_73.png": 0.12734082397003746,
    "book_zh_CNASGL0262018_extracted_page_82.png": 0.08905109489051095,
    "book_zh_CNASGL082006_extracted_page_50.png": 0.20772946859903382,
    "book_zh_DLT10562007_extracted_page_17.png": 0.20865139949109415,
    "book_zh_DLT10902008_extracted_page_8.png": 0.13822894168466524,
    "book_zh_GB115041989_extracted_page_9.png": 0.41150442477876104,
    "book_zh_GB12082006_extracted_page_8.png": 0.3076923076923077,
    "book_zh_GB14536.11998_extracted_page_145.png": 0.17073170731707318,
    "book_zh_GB14930.21994_extracted_page_4.png": 0.11627906976744186,
    "book_zh_GB149361994_extracted_page_7.png": 0.22608695652173913,
    "book_zh_GBT 50744-2011_extracted_page_67.png": 0.24603174603174602,
    "book_zh_HGT51022016_extracted_page_12.png": 0.18518518518518517,
    "book_zh_JGJ1022003_extracted_page_27.png": 0.3299319727891156,
    "book_zh_JJD10031991_extracted_page_6.png": 0.2548076923076923,
    "book_zh_SYT57941993_extracted_page_3.png": 0.19696969696969696,
    "book_zh_TB100782001_extracted_page_21.png": 0.314070351758794,
    "book_zh_YDT10512018_extracted_page_30.png": 0.2890625,
    "docstructbench_dianzishu_zhongwenzaixian-o.O-61520788.pdf_391.jpg": 0.2,
    "docstructbench_dianzishu_zhongwenzaixian-o.O-61569751.pdf_155.jpg": 0.15384615384615385,
    "jiaocai_71434495.pdf_0.jpg": 0.17011128775834658,
    "jiaocaineedrop_20608808.pdf_0.jpg": 0.08607594936708861,
    "jiaocaineedrop_33137159.pdf_3.jpg": 0.08785529715762273,
    "jiaocaineedrop_38247658.pdf_0.jpg": 0.7151162790697675,
    "jiaocaineedrop_42351289.pdf_1.jpg": 0.12087912087912088,
    "jiaocaineedrop_j70ke43p.pdf_69.jpg": 0.2042755344418052,
    "jiaocaineedrop_jiaocai_needrop_en_1198.jpg": 0.2650103519668737,
    "jiaocaineedrop_jiaocai_needrop_en_1253.jpg": 0.3815789473684211,
    "jiaocaineedrop_jiaocai_needrop_en_1276.jpg": 0.4583333333333333,
    "jiaocaineedrop_jiaocai_needrop_en_1290.jpg": 0.1532258064516129,
    "jiaocaineedrop_jiaocai_needrop_en_1363.jpg": 0.19471153846153846,
    "jiaocaineedrop_jiaocai_needrop_en_1496.jpg": 0.15857605177993528,
    "jiaocaineedrop_jiaocai_needrop_en_1539.jpg": 0.6404494382022472,
    "jiaocaineedrop_jiaocai_needrop_en_1910.jpg": 0.5094339622641509,
    "jiaocaineedrop_jiaocai_needrop_en_2211.jpg": 0.6030927835051546,
    "jiaocaineedrop_jiaocai_needrop_en_250.jpg": 0.46987951807228917,
    "jiaocaineedrop_jiaocai_needrop_en_2718.jpg": 0.12380952380952381,
    "jiaocaineedrop_jiaocai_needrop_en_2893.jpg": 0.03773584905660377,
    "jiaocaineedrop_jiaocai_needrop_en_3009.jpg": 0.6071428571428571,
    "jiaocaineedrop_jiaocai_needrop_en_3063.jpg": 0.582010582010582,
    "jiaocaineedrop_jiaocai_needrop_en_3303.jpg": 0.6845070422535211,
    "jiaocaineedrop_jiaocai_needrop_en_3458.jpg": 0.2,
    "jiaocaineedrop_jiaocai_needrop_en_541.jpg": 0.09195402298850575,
    "jiaocaineedrop_jiaocai_needrop_en_546.jpg": 0.1111111111111111,
    "jiaocaineedrop_jiaocai_needrop_en_913.jpg": 0.3632183908045977,
    "jiaocaineedrop_jiaocai_needrop_en_999.jpg": 0.26956521739130435,
    "yanbaopptmerge_yanbaoPPT_2460.jpg": 0.20125786163522014,
    "yanbaopptmerge_yanbaoPPT_4310.jpg": 0.13513513513513514,
    "yanbaopptmerge_yanbaoPPT_4710.jpg": 0.15384615384615385
}