{
    "book_zh_CNASGL0262018_extracted_page_82.png": 0.44907407407407407,
    "book_zh_CNASGL082006_extracted_page_50.png": 0.588748787584869,
    "book_zh_DLT10902008_extracted_page_8.png": 0.723621103117506,
    "book_zh_GB115041989_extracted_page_9.png": 0.6050632911392405,
    "book_zh_GB14536.11998_extracted_page_145.png": 0.5721784776902887,
    "book_zh_HGT51022016_extracted_page_12.png": 0.6086036671368125,
    "book_zh_YDT10512018_extracted_page_30.png": 0.5390266299357208,
    "docstructbench_dianzishu_zhongwenzaixian-o.O-60368448.pdf_343.jpg": 0.5313023100100436,
    "docstructbench_dianzishu_zhongwenzaixian-o.O-60403612.pdf_179.jpg": 0.5937286980231765,
    "docstructbench_dianzishu_zhongwenzaixian-o.O-60482015.pdf_56.jpg": 0.6056527590847914,
    "docstructbench_dianzishu_zhongwenzaixian-o.O-61323717.pdf_203.jpg": 0.6697720515361745,
    "docstructbench_dianzishu_zhongwenzaixian-o.O-61510621.pdf_161.jpg": 0.41655658300308235,
    "docstructbench_dianzishu_zhongwenzaixian-o.O-61518266.pdf_149.jpg": 0.7023685127133403,
    "docstructbench_dianzishu_zhongwenzaixian-o.O-61520553.pdf_328.jpg": 0.6607591754650578,
    "docstructbench_dianzishu_zhongwenzaixian-o.O-61520612.pdf_140.jpg": 0.6285831285831286,
    "docstructbench_dianzishu_zhongwenzaixian-o.O-61520779.pdf_76.jpg": 0.6624910522548317,
    "docstructbench_dianzishu_zhongwenzaixian-o.O-61520788.pdf_391.jpg": 0.5625,
    "docstructbench_dianzishu_zhongwenzaixian-o.O-61520814.pdf_185.jpg": 0.6257606490872211,
    "docstructbench_dianzishu_zhongwenzaixian-o.O-61521384.pdf_750.jpg": 0.6511775938892426,
    "docstructbench_dianzishu_zhongwenzaixian-o.O-61521429.pdf_358.jpg": 0.630079006772009,
    "docstructbench_dianzishu_zhongwenzaixian-o.O-61521600.pdf_210.jpg": 0.6191480388021932,
    "docstructbench_dianzishu_zhongwenzaixian-o.O-61522126.pdf_206.jpg": 0.42857142857142855,
    "docstructbench_dianzishu_zhongwenzaixian-o.O-61522235.pdf_170.jpg": 0.632435180477885,
    "docstructbench_dianzishu_zhongwenzaixian-o.O-61523162.pdf_276.jpg": 0.6953248117667659,
    "docstructbench_dianzishu_zhongwenzaixian-o.O-61569751.pdf_155.jpg": 0.5906221821460775,
    "docstructbench_dianzishu_zhongwenzaixian-o.O-61570078.pdf_315.jpg": 0.5918830350390724,
    "docstructbench_dianzishu_zhongwenzaixian-o.O-61571237.pdf_81.jpg": 0.5819488100583745,
    "docstructbench_dianzishu_zhongwenzaixian-o.O-61571259.pdf_239.jpg": 0.5155513666352498,
    "docstructbench_dianzishu_zhongwenzaixian-o.O-63674848.pdf_101.jpg": 0.6076146076146076,
    "docstructbench_dianzishu_zhongwenzaixian-o.O-63675767.pdf_66.jpg": 0.6498194945848376,
    "docstructbench_dianzishu_zhongwenzaixian-o.O-63677793.pdf_332.jpg": 0.40314465408805034,
    "docstructbench_dianzishu_zhongwenzaixian-o.O-63684502.pdf_263.jpg": 0.45122646891043927,
    "docstructbench_dianzishu_zhongwenzaixian-o.O-63688043.pdf_110.jpg": 0.5537084398976982,
    "docstructbench_dianzishu_zhongwenzaixian-o.O-63708140.pdf_170.jpg": 0.5648372996600292,
    "docstructbench_dianzishu_zhongwenzaixian-o.O-63709763.pdf_72.jpg": 0.6329305135951662,
    "docstructbench_dianzishu_zhongwenzaixian-o.O-63711094.pdf_34.jpg": 0.5937998632322772,
    "docstructbench_dianzishu_zhongwenzaixian-o.O-63711094.pdf_56.jpg": 0.596479116327235,
    "docstructbench_enbook-zlib-o.O-15322190.pdf_138.jpg": 0.6156769596199525,
    "eastmoney_0022ae8eddb0de117978289e16ba7fe995dddd3f64aca9e147bb07c848c84aa6.pdf_8.jpg": 0.5944070647603028,
    "eastmoney_03e39833d520af7d1abb96dd624dcd15f2b57d061969d196e80922e2f590503f.pdf_22.jpg": 0.5730659025787965,
    "eastmoney_1746461e6e00efee224a9209974b4bb6de3b11e339e4d86c41569eeddcc3c20e.pdf_8.jpg": 0.614045618247299,
    "eastmoney_1885ca41425d245551f3482457304f78b48186bff625fa91e675eaf6bba5229f.pdf_0.jpg": 0.6884936674750741,
    "eastmoney_2dea7cdb5a3e018ffec3c80eb4435de524f2a14bd32735b78f563adc355272ab.pdf_6.jpg": 0.6290129908914439,
    "eastmoney_34d623c64d12b5f02ffe4bff74f464b368270b1d6930192876bfe353d8fd6c30.pdf_0.jpg": 0.49569707401032703,
    "eastmoney_3ad44cb9fef0899c347e83dec4ce05b65deaa17bbe9324bde97c0916afc98e0a.pdf_2.jpg": 0.5982789855072463,
    "eastmoney_5c22c7d248262382ae63af18e9ef65bd26ffdf78c2f3af32137e0b4f92a0ba92.pdf_4.jpg": 0.5441264162194395,
    "eastmoney_5f75d8df19ab34c706ae823d8ed54f845b6a693e31c0fae19b16cdd94c32a636.pdf_2.jpg": 0.8908759308982218,
    "eastmoney_5f75d8df19ab34c706ae823d8ed54f845b6a693e31c0fae19b16cdd94c32a636.pdf_3.jpg": 0.5426421404682275,
    "eastmoney_62b4149b1612ce28d20f26cd5c5b2e18f80b26fca6e4452e090376a2fe72eae3.pdf_0.jpg": 0.5743073047858942,
    "eastmoney_66eea274d39b939da0f10253d279e119d87646f10fd21b3942eaf6c5d93b8134.pdf_0.jpg": 0.58420085731782,
    "eastmoney_6be3f3cd9e5361946ee49252f12dd57fe7c73df330116d6998e2198ec79a05c9.pdf_2.jpg": 0.3389995143273434,
    "eastmoney_6e1cdb75430fe7d7a7757754d163d1a4a8a1c2a3fca38b74a8a2e8df009f2ce0.pdf_2.jpg": 0.9026337847972824,
    "eastmoney_7c25f92e2ab21d83e1eada0e40a68e3151e7c1c2d673ddb12b0242fa3ab931ab.pdf_13.jpg": 0.5726384364820847,
    "eastmoney_7cae1642250a3dbabfef7624d3424ec6e162ae91c8de4acfa89a9779092b0189.pdf_16.jpg": 0.44433042585941507,
    "eastmoney_7e9f2d3e6d80483c7556fe65fe39f432d669cee3dc80840f126db9c7d7140d52.pdf_1.jpg": 0.5817174515235457,
    "eastmoney_7f55aa1223310144165074707803522240cf20120b15f5d78fdf61eb4dcefba3.pdf_2.jpg": 0.8905756801442958,
    "eastmoney_8b3e01e3cd92a034f45945887a5170602774a8480effda5bd791451578a93b7d.pdf_5.jpg": 0.5951478392721758,
    "eastmoney_8e0ecdad6ea6edd7014a328fa79e4b69230c1b4f82cc031dd247c3c1c39744cf.pdf_11.jpg": 0.5948534936138242,
    "eastmoney_8f87670d793f4415afca95380e8e46cc8517d6f97fa65a6680308bfc34fa7b5e.pdf_4.jpg": 0.6038719285182428,
    "eastmoney_944c06af0b176ef718ee34d3affee40554920f76210dfbf007972fe9c39074fc.pdf_0.jpg": 0.593370528388579,
    "eastmoney_a2542ccf95ec3bb51dcc6fb90a7c32b18f883e10a3cb301901a428882d8d2015.pdf_2.jpg": 0.5719733079122974,
    "eastmoney_bd6c2b9aa7ca0ebf8672f8f50e3eacab7f67d0ffa15e0d94b1f3c0d1b5f179b8.pdf_19.jpg": 0.35516506922257723,
    "eastmoney_bdbfdb8a6ab56be3ab1b40009ee648b6d250013ce653c146f2d2023bd8d14772.pdf_26.jpg": 0.40706605222734255,
    "eastmoney_bef4bcf5f2faff08a78d49945e4ac8983320f367c450720c87ab8cc6ed5726e4.pdf_1.jpg": 0.5860010851871947,
    "eastmoney_c07e6795bc92e8782d09bf3af7dc766960a1db2088262126a0856311d95361a2.pdf_6.jpg": 0.6589195979899497,
    "eastmoney_c1c12db90c6ecfae16a8eafa49caecfbc0e5f5654140320fe127f7c09bde96c9.pdf_1.jpg": 0.8953957879448076,
    "eastmoney_c2abc680754ea4676c752cb3bda24323046ece560f8b23ce66b705887c9bcf9b.pdf_16.jpg": 0.6104564315352697,
    "eastmoney_c683eb2923c442ad9fd8c1f25abb7b1b35b359611d5b8a07d1eede7a81983769.pdf_21.jpg": 0.6865671641791045,
    "eastmoney_c87249cc61825e8bcd1e0ba5434d32606fecb2ff8302f8602f8d6860fd773252.pdf_1.jpg": 0.6134228187919463,
    "eastmoney_d08a4020e49029cf68b5dbf69e5ecaa40e969f918819c62579e5f4b1a357422f.pdf_3.jpg": 0.5943661971830986,
    "eastmoney_d09a006aa02ddc09299bbb9a1b5efa0d77408191f0c1ff1fca8c80bd6150f806.pdf_17.jpg": 0.5720238095238095,
    "eastmoney_d201644f6fbc869ea857c5d9f8ec38adc54250a94b77d826280b0d1c25d13a13.pdf_4.jpg": 0.5914823237543932,
    "eastmoney_d2bb183f5254ede5760932ac3118524aa7eddad551935713b435541f1525c1ee.pdf_3.jpg": 0.5745914602003163,
    "eastmoney_d2bb183f5254ede5760932ac3118524aa7eddad551935713b435541f1525c1ee.pdf_7.jpg": 0.47139588100686497,
    "eastmoney_d64a9204564ad81332a4dc3767365740a00228323d2862604d15cb15b318f3af.pdf_3.jpg": 0.7095391211146839,
    "eastmoney_db7967d371df6e4fb5850f3583fcf255c2ed8ef153e11aa38e0bd020b65f13ac.pdf_1.jpg": 0.5901639344262295,
    "eastmoney_dcf347592d4160dffacffdf00a9c39aa75cf9859205a7543c283d1df8bb14f90.pdf_1.jpg": 0.5322455322455323,
    "eastmoney_dd8f39ced2188b907304224a635ad605689270486020c34636003e57018c01d8.pdf_2.jpg": 0.6019247594050744,
    "eastmoney_df74f4c5f5f8c96ec2c051d34ea5c51686a45b2f1822b2d94982f84c81d25aa3.pdf_17.jpg": 0.5994712491738269,
